time,level,nb_children
1623746227.606163,INFO,1
1623746231.284564,INFO,0
1623746245.642937,INFO,1
1623746254.114775,INFO,0
1623746684.870236,INFO,1
1623746860.385935,INFO,0
1623746910.875676,INFO,1
1623747366.147011,INFO,1
1623747590.180205,INFO,2
1623747626.163842,INFO,1
1623747661.37204,INFO,2
1623747712.536417,INFO,1
1623747799.62307,INFO,0
1623747950.094915,INFO,1
1623748144.058483,INFO,0
1623748701.181903,INFO,1
1623748805.31143,INFO,0
1623749297.627079,INFO,1
1623749439.193398,INFO,0
1623749442.767809,INFO,1
1623749625.991911,INFO,2
1623749630.782954,INFO,1
1623749737.582766,INFO,2
1623749743.724347,INFO,1
1623749757.037403,INFO,0
1623749832.087596,INFO,1
1623749878.712927,INFO,0
1623749980.124051,INFO,1
1623749981.534048,INFO,3
1623750143.2821,INFO,0
1623750554.060573,INFO,1
1623750695.006614,INFO,2
1623750714.492918,INFO,1
1623750787.570725,INFO,0
1623750840.836795,INFO,1
1623750882.566335,INFO,0
1623750989.071682,INFO,1
1623751112.54777,INFO,2
1623751135.723421,INFO,1
1623751257.753525,INFO,1
1623751345.880356,INFO,2
1623751364.611244,INFO,1
1623751370.67526,INFO,2
1623751414.544347,INFO,1
1623751414.545521,INFO,0
1623751424.460691,INFO,1
1623751495.700195,INFO,0
1623751549.831304,INFO,1
1623751604.916131,INFO,0
1623752183.673544,INFO,2
1623752190.713317,INFO,3
1623752303.069787,INFO,0
1623753898.940381,INFO,1
1623753920.041456,INFO,2
1623754046.969677,INFO,1
1623754209.595287,INFO,0
1623754223.345285,INFO,1
1623754237.439061,INFO,0
1623754278.722808,INFO,1
1623754312.481952,INFO,6
1623754317.518311,INFO,0
1623754317.518879,INFO,1
1623754322.017849,INFO,0
1623754322.018791,INFO,1
1623754322.020742,INFO,0
1623754329.20062,INFO,1
1623754335.037871,INFO,2
1623754363.292555,INFO,1
1623754547.149569,INFO,1
1623754841.042207,INFO,0
1623754982.658437,INFO,1
1623755076.422866,INFO,0
1623755438.30088,INFO,1
1623755446.297752,INFO,0
1623755451.373973,INFO,1
1623755575.673772,INFO,0
1623755575.68019,INFO,1
1623755591.074332,INFO,2
1623755654.751007,INFO,3
1623755724.180334,INFO,0
1623755762.644979,INFO,1
1623756151.532814,INFO,1
1623756191.418273,INFO,2
1623756336.364805,INFO,1
1623756387.730492,INFO,2
1623756450.721406,INFO,3
1623756514.599554,INFO,2
1623756530.293695,INFO,1
1623756651.993365,INFO,0
1623756651.994544,INFO,1
1623756698.121584,INFO,2
1623756759.748927,INFO,1
1623756940.90604,INFO,2
1623756948.623865,INFO,1
1623757634.401996,INFO,0
1623760301.478125,INFO,1
1623760307.82954,INFO,0
1623760490.277525,INFO,2
1623760490.958168,INFO,1
1623760493.071491,INFO,2
1623760565.627822,INFO,0
1623760729.46693,INFO,1
1623760737.025198,INFO,2
1623760775.188334,INFO,1
1623760780.294922,INFO,2
1623760781.964262,INFO,1
1623760892.55416,INFO,0
1623761211.072018,INFO,1
1623761247.902054,INFO,0
1623761557.272636,INFO,1
1623761622.400374,INFO,0
1623762395.709887,INFO,1
1623762562.526271,INFO,0
1623762581.711913,INFO,1
1623762652.185942,INFO,0
1623762693.706029,INFO,1
1623762693.707107,INFO,2
1623762721.447487,INFO,1
1623762756.599779,INFO,2
1623762765.650716,INFO,0
1623763415.73354,INFO,1
1623763426.131272,INFO,2
1623763433.05531,INFO,3
1623763443.724942,INFO,4
1623763570.215724,INFO,1
1623763739.238783,INFO,1
1623763815.511107,INFO,0
1623764171.752394,INFO,1
1623764209.652617,INFO,0
1623764221.099651,INFO,1
1623764369.476505,INFO,0
1623764658.761919,INFO,1
1623764689.694469,INFO,0
1623765086.249924,INFO,1
1623765091.895468,INFO,0
1623765100.581608,INFO,1
1623765148.978554,INFO,0
1623765153.712851,INFO,1
1623765155.342156,INFO,0
